Player,Role,Amount,Team,Year,Player Origin,Mega?
Aaron Finch,Batsman,4,Sunrisers Hyderabad,2014,Overseas,1
Aaron Finch,Batsman,3.2,Mumbai Indians,2015,Overseas,0
Aaron Finch,Batsman,1,Gujarat Lions,2016,Overseas,0
Aaron Finch,Batsman,6.2,Kings XI Punjab,2018,Overseas,1
Aaron Finch,Batsman,4.4,Royal Challengers Bangalore,2020,Overseas,0
Abdul Samad,All-Rounder,0.2,Sunrisers Hyderabad,2020,Indian,0
Abhijeet Tomar,Batsman,0.4,Kolkata Knight Riders,2022,Indian,1
Abhimanyu Mithun,Bowler,0.3,Mumbai Indians,2015,Indian,0
Abhimanyu Mithun,Bowler,0.3,Sunrisers Hyderabad,2016,Indian,0
Abhinav Sadarangani,Batsman,2.6,Gujarat Titans,2022,Indian,1
Abhishek Nayar,All-Rounder,5.0625,Pune Warriors India,2013,Indian,0
Abhishek Nayar,All-Rounder,1,Rajasthan Royals,2014,Indian,1
Abhishek Sharma,All-Rounder,0.55,Delhi Daredevils,2018,Indian,1
Abhishek Sharma,All-Rounder,6.5,Sunrisers Hyderabad,2022,Indian,1
Abu Nechim Ahmed,Bowler,0.3,Royal Challengers Bangalore,2014,Indian,1
Adam Milne,Bowler,0.7,Royal Challengers Bangalore,2015,Overseas,0
Adam Milne,Bowler,3.2,Mumbai Indians,2021,Overseas,0
Adam Milne,Bowler,1.9,Chennai Super Kings,2022,Overseas,1
Adam Zampa,Bowler,0.3,Rising Pune Supergiant,2016,Overseas,0
Aditya Garhwal,All-Rounder,0.25,Kolkata Knight Riders,2015,Indian,0
Aditya Tare,Wicket Keeper,1.6,Mumbai Indians,2014,Indian,1
Aditya Tare,Wicket Keeper,1.2,Sunrisers Hyderabad,2016,Indian,0
Aditya Tare,Wicket Keeper,0.25,Delhi Daredevils,2017,Indian,0
Aditya Tare,Wicket Keeper,0.2,Mumbai Indians,2018,Indian,1
Agnivesh Ayachi,All-Rounder,0.2,Kings XI Punjab,2019,Indian,0
Aiden Blizzard,Batsman,0.3,Mumbai Indians,2015,Overseas,0
Aiden Markram,Batsman,2.6,Sunrisers Hyderabad,2022,Overseas,1
Ajantha Mendis,Bowler,5.4375,Pune Warriors India,2013,Overseas,0
Ajinkya Rahane,Batsman,4,Rajasthan Royals,2018,Indian,1
Ajinkya Rahane,Batsman,1,Kolkata Knight Riders,2022,Indian,1
Akash Deep,Bowler,0.2,Royal Challengers Bangalore,2022,Indian,1
Akash Singh,Bowler,0.2,Rajasthan Royals,2020,Indian,0
Akash Singh,Bowler,0.2,Rajasthan Royals,2021,Indian,0
Akhil Arvind Herwadkar,All-Rounder,0.1,Delhi Daredevils,2016,Indian,0
Akila Dananjaya,All-Rounder,0.15,Chennai Super Kings,2013,Overseas,0
Akila Dhananjaya,Bowler,0.5,Mumbai Indians,2018,Overseas,1
Akshar Rajesh Patel,All-Rounder,0.75,Kings XI Punjab,2014,Indian,1
Akshay Karnewar,All-Rounder,0.1,Royal Challengers Bangalore,2016,Indian,0
Akshay Wakhare,Bowler,0.1,Mumbai Indians,2015,Indian,0
Akshdeep Nath,All-Rounder,0.1,Gujarat Lions,2016,Indian,0
Akshdeep Nath,All-Rounder,0.1,Gujarat Lions,2017,Indian,0
Akshdeep Nath,All-Rounder,1,Kings XI Punjab,2018,Indian,1
Akshdeep Nath,All-Rounder,3.6,Royal Challengers Bangalore,2019,Indian,0
Albie Morkel,All-Rounder,2.4,Royal Challengers Bangalore,2014,Overseas,1
Albie Morkel,All-Rounder,0.3,Delhi Daredevils,2015,Overseas,0
Alex Carey,Wicket Keeper,2.4,Delhi Capitals,2020,Overseas,0
Alex Hales,Batsman,1.5,Kolkata Knight Riders,2022,Overseas,1
Alzarri Joseph,Bowler,2.4,Gujarat Titans,2022,Overseas,1
Aman Khan,All-Rounder,0.2,Kolkata Knight Riders,2022,Indian,1
Ambati Rayudu,Wicket Keeper,2.2,Chennai Super Kings,2018,Indian,1
Ambati Rayudu,Wicket Keeper,6.75,Chennai Super Kings,2022,Indian,1
Amit Mishra,Bowler,0.1,Rajasthan Royals,2014,Indian,1
Amit Mishra,Bowler,4.75,Sunrisers Hyderabad,2014,Indian,1
Amit Mishra,Bowler,3.5,Delhi Daredevils,2015,Indian,0
Amit Mishra,Bowler,0.1,Gujarat Lions,2016,Indian,0
Amit Mishra,Bowler,4,Delhi Daredevils,2018,Indian,1
Amit Paunikar,Wicket Keeper,0.2,Sunrisers Hyderabad,2014,Indian,1
Andre Russell,All-Rounder,0.6,Kolkata Knight Riders,2014,Overseas,1
Andrew Tye,Bowler,0.2,Chennai Super Kings,2015,Overseas,0
Andrew Tye,All-Rounder,0.5,Gujarat Lions,2016,Overseas,0
Andrew Tye,Bowler,7.2,Kings XI Punjab,2018,Overseas,1
Andrew Tye,Bowler,1,Rajasthan Royals,2020,Overseas,0
Aneeshwar Gautam,All-Rounder,0.2,Royal Challengers Bangalore,2022,Indian,1
Angelo Mathews,All-Rounder,7.5,Delhi Daredevils,2015,Overseas,0
Angelo Mathews,All-Rounder,2,Delhi Daredevils,2017,Overseas,0
Aniket Choudhary,Bowler,2,Royal Challengers Bangalore,2017,Indian,0
Aniket Choudhary,Bowler,0.3,Royal Challengers Bangalore,2018,Indian,1
Anirudha Ashok Joshi,All-Rounder,0.2,Royal Challengers Bangalore,2018,Indian,1
Anirudha Ashok Joshi,All-Rounder,0.2,Rajasthan Royals,2020,Indian,0
Ankeet Bawane,Batsman,0.1,Delhi Daredevils,2017,Indian,0
Ankit Nagendra Sharma,Bowler,0.1,Rajasthan Royals,2014,Indian,1
Ankit Sharma,All-Rounder,0.1,Rising Pune Supergiant,2016,Indian,0
Ankit Sharma,All-Rounder,0.2,Rajasthan Royals,2018,Indian,1
Ankit Singh Rajpoot,Bowler,1.5,Kolkata Knight Riders,2016,Indian,0
Ankit Singh Rajpoot,Bowler,3,Kings XI Punjab,2018,Indian,1
Ankit Singh Rajpoot,Bowler,0.5,Lucknow Super Giants,2022,Indian,1
Ankush Bains,Wicket Keeper,0.1,Rajasthan Royals,2014,Indian,1
Ankush Bains,Wicket Keeper,0.1,Chennai Super Kings,2015,Indian,0
Ankush Bains,Wicket Keeper,0.1,Rising Pune Supergiant,2016,Indian,0
Ankush Bains,Wicket Keeper,0.2,Delhi Capitals,2019,Indian,0
Anmolpreet Singh,Batsman,0.8,Mumbai Indians,2019,Indian,0
Anmolpreet Singh,Batsman,0.2,Mumbai Indians,2022,Indian,1
Anrich Nortje,Bowler,0.2,Kolkata Knight Riders,2019,Overseas,0
Ansh Patel,All-Rounder,0.2,Punjab Kings,2022,Indian,1
Anuj Rawat,Wicket Keeper,0.8,Rajasthan Royals,2020,Indian,0
Anuj Rawat,Wicket Keeper,3.4,Royal Challengers Bangalore,2022,Indian,1
Anukul Roy,All-Rounder,0.2,Mumbai Indians,2018,Indian,1
Anukul Roy,All-Rounder,0.2,Kolkata Knight Riders,2022,Indian,1
Anunay Singh,All-Rounder,0.2,Rajasthan Royals,2022,Indian,1
Anureet Singh,Bowler,0.2,Kings XI Punjab,2014,Indian,1
Anureet Singh,Bowler,0.3,Rajasthan Royals,2018,Indian,1
Apoorv Vijay Wankhade,Batsman,0.1,Mumbai Indians,2014,Indian,1
Apoorv Vijay Wankhade,Batsman,0.2,Kolkata Knight Riders,2018,Indian,1
Arjun Tendulkar,All-Rounder,0.2,Mumbai Indians,2021,Indian,0
Arjun Tendulkar,All-Rounder,0.3,Mumbai Indians,2022,Indian,1
Armaan Jaffer,Batsman,0.1,Kings XI Punjab,2016,Indian,0
Arshdeep Singh,Bowler,0.2,Kings XI Punjab,2019,Indian,0
Aryaman Vikram Birla,All-Rounder,0.3,Rajasthan Royals,2018,Indian,1
Aryan Juyal,Wicket Keeper,0.2,Mumbai Indians,2022,Indian,1
Asela Gunarathna,Batsman,0.3,Mumbai Indians,2017,Overseas,0
Ashish Nehra,Bowler,2,Chennai Super Kings,2014,Indian,1
Ashish Nehra,Bowler,5.5,Sunrisers Hyderabad,2016,Indian,0
Ashish Reddy,Bowler,0.2,Sunrisers Hyderabad,2014,Indian,1
Ashok Dinda,Bowler,1.5,Royal Challengers Bangalore,2014,Indian,1
Ashok Dinda,Bowler,0.5,Rising Pune Supergiant,2016,Indian,0
Ashok Sharma,Bowler,0.55,Kolkata Knight Riders,2022,Indian,1
Ashton Turner,All-Rounder,0.5,Rajasthan Royals,2019,Indian,0
Ashwin Hebbar,Batsman,0.2,Delhi Capitals,2022,Indian,1
Asif K M,Bowler,0.4,Chennai Super Kings,2018,Indian,1
Atharva Taide,All-Rounder,0.2,Punjab Kings,2022,Indian,1
Avesh Khan,Bowler,0.7,Delhi Daredevils,2018,Indian,1
Avesh Khan,Bowler,10,Lucknow Super Giants,2022,Indian,1
Axar Rajesh Patel,All-Rounder,5,Delhi Capitals,2019,Indian,0
Ayush Badoni,All-Rounder,0.2,Lucknow Super Giants,2022,Indian,1
B. Sai Sudharsan,All-Rounder,0.2,Gujarat Titans,2022,Indian,1
Baba Aparajith,Batsman,0.1,Chennai Super Kings,2014,Indian,1
Baba Aparajith,All-Rounder,0.1,Rising Pune Supergiant,2016,Indian,0
Baba Indrajith,Wicket Keeper,0.2,Kolkata Knight Riders,2022,Indian,1
Baltej Dhanda,Bowler,0.2,Punjab Kings,2022,Indian,1
Bandaru Ayyappa,Bowler,0.2,Delhi Capitals,2019,Indian,0
Barinder Singh Saran,Bowler,0.1,Rajasthan Royals,2015,Indian,0
Barinder Singh Sran,Bowler,1.2,Sunrisers Hyderabad,2016,Indian,0
Barinder Singh Sran,Bowler,2.2,Kings XI Punjab,2018,Indian,1
Barinder Singh Sran,Bowler,3.4,Mumbai Indians,2019,Indian,0
Basil Thampi,Bowler,0.85,Gujarat Lions,2017,Indian,0
Basil Thampi,Bowler,0.95,Sunrisers Hyderabad,2018,Indian,1
Basil Thampi,Bowler,0.3,Mumbai Indians,2022,Indian,1
Ben Cutting,Bowler,0.8,Rajasthan Royals,2014,Overseas,1
Ben Cutting,All-Rounder,0.5,Sunrisers Hyderabad,2016,Overseas,0
Ben Cutting,All-Rounder,2.2,Mumbai Indians,2018,Overseas,1
Ben Cutting,All-Rounder,0.75,Kolkata Knight Riders,2021,Overseas,0
Ben Dunk,Wicket Keeper,0.2,Mumbai Indians,2014,Overseas,1
Ben Dwarshuis,Bowler,1.4,Kings XI Punjab,2018,Overseas,1
Ben Hilfenhaus,Bowler,1,Chennai Super Kings,2014,Overseas,1
Ben Laughlin,Bowler,0.15,Chennai Super Kings,2013,Overseas,0
Ben Laughlin,Bowler,0.3,Sunrisers Hyderabad,2017,Overseas,0
Ben Laughlin,Bowler,0.5,Rajasthan Royals,2018,Overseas,1
Benjamin Stokes,All-Rounder,14.5,Rising Pune Supergiant,2017,Overseas,0
Benjamin Stokes,All-Rounder,12.5,Rajasthan Royals,2018,Overseas,1
Benny Howell,All-Rounder,0.4,Punjab Kings,2022,Overseas,1
Beuran Hendricks,Bowler,1.8,Kings XI Punjab,2014,Overseas,1
Bhanuka Rajapaksa,Batsman,0.5,Punjab Kings,2022,Overseas,1
Bhuvneshwar Kumar,Bowler,4.25,Sunrisers Hyderabad,2014,Overseas,1
Bhuvneshwar Kumar,Bowler,4.2,Sunrisers Hyderabad,2022,Indian,1
Billy Stanlake,Bowler,0.3,Royal Challengers Bangalore,2017,Overseas,0
Billy Stanlake,Batsman,0.5,Sunrisers Hyderabad,2018,Overseas,1
Bipul Sharma,All-Rounder,0.2,Sunrisers Hyderabad,2018,Indian,1
Brad Hodge,Batsman,2.4,Rajasthan Royals,2014,Overseas,1
Brad Hogg,Bowler,0.5,Kolkata Knight Riders,2015,Overseas,0
Brendan Taylor,Wicket Keeper,0.3,Sunrisers Hyderabad,2014,Overseas,1
Brendon McCullum,Wicket Keeper,3.25,Chennai Super Kings,2014,Overseas,1
Brendon McCullum,Batsman,3.6,Royal Challengers Bangalore,2018,Overseas,1
C Hari Nishaanth,Batsman,0.2,Chennai Super Kings,2021,Indian,0
C.Hari Nishaanth,Batsman,0.2,Chennai Super Kings,2022,Indian,1
C.M. Gautam,Wicket Keeper,0.2,Mumbai Indians,2014,Indian,1
C.M. Gautam,Wicket Keeper,0.2,Delhi Daredevils,2015,Indian,0
Cameron Delport,All-Rounder,0.3,Kolkata Knight Riders,2018,Overseas,1
Carlos Brathwaite,All-Rounder,4.2,Delhi Daredevils,2016,Overseas,0
Carlos Brathwaite,All-Rounder,2,Sunrisers Hyderabad,2018,Overseas,1
Carlos Brathwaite,All-Rounder,5,Kolkata Knight Riders,2019,Overseas,0
Chaitanya Bishnoi,All-Rounder,0.2,Chennai Super Kings,2018,Indian,1
Chama Milind,Bowler,0.1,Sunrisers Hyderabad,2014,Indian,1
Chama Milind,Bowler,0.1,Delhi Daredevils,2016,Indian,0
Chama Milind,Bowler,0.25,Royal Challengers Bangalore,2022,Indian,1
Chamika Karunaratne,All-Rounder,0.5,Kolkata Knight Riders,2022,Overseas,1
Chetan Sakariya,Bowler,1.2,Rajasthan Royals,2021,Indian,0
Chetan Sakariya,Bowler,4.2,Delhi Capitals,2022,Indian,1
Cheteshwar Pujara,Batsman,1.9,Kings XI Punjab,2014,Indian,1
Cheteshwar Pujara,Batsman,0.5,Chennai Super Kings,2021,Indian,0
Chirag Suri,Batsman,0.1,Gujarat Lions,2017,Indian,0
Chris Green,All-Rounder,0.2,Kolkata Knight Riders,2020,Overseas,0
Chris Jordan,All-Rounder,0.5,Sunrisers Hyderabad,2017,Overseas,0
Chris Jordan,All-Rounder,1,Sunrisers Hyderabad,2018,Overseas,1
Chris Jordan,All-Rounder,3,Kings XI Punjab,2020,Overseas,0
Chris Jordan,All-Rounder,3.6,Chennai Super Kings,2022,Overseas,1
Chris Lynn,Batsman,1.3,Kolkata Knight Riders,2014,Overseas,1
Chris Lynn,Batsman,9.6,Kolkata Knight Riders,2018,Overseas,1
Chris Lynn,Batsman,2,Mumbai Indians,2020,Overseas,0
Chris Woakes,All-Rounder,4.2,Kolkata Knight Riders,2017,Overseas,0
Chris Woakes,All-Rounder,7.4,Royal Challengers Bangalore,2018,Overseas,1
Chris Woakes,All-Rounder,1.5,Delhi Capitals,2020,Overseas,0
Christopher Barnwell,All-Rounder,0.375,Royal Challengers Bangalore,2013,Overseas,0
Christopher Gayle,Batsman,2,Kings XI Punjab,2018,Overseas,1
Christopher Morris,All-Rounder,4.6875,Chennai Super Kings,2013,Overseas,0
Christopher Morris,All-Rounder,1.4,Rajasthan Royals,2015,Overseas,0
Christopher Morris,All-Rounder,7,Delhi Daredevils,2016,Overseas,0
Christopher Morris,All-Rounder,10,Royal Challengers Bangalore,2020,Overseas,0
Christopher Morris,All-Rounder,16.25,Rajasthan Royals,2021,Overseas,0
Clinton McKay,Bowler,0.75,Sunrisers Hyderabad,2013,Overseas,0
Colin De Grandhomme,All-Rounder,2.2,Royal Challengers Bangalore,2018,Overseas,1
Colin Ingram,Batsman,6.4,Delhi Capitals,2019,Overseas,0
Colin Munro,All-Rounder,0.3,Kolkata Knight Riders,2016,Overseas,0
Colin Munro,All-Rounder,1.9,Delhi Daredevils,2018,Overseas,1
Corey Anderson,All-Rounder,4.5,Mumbai Indians,2014,Overseas,1
Corey Anderson,All-Rounder,1,Delhi Daredevils,2017,Overseas,0
Dale Steyn,Bowler,2.3,Gujarat Lions,2016,Overseas,0
Dale Steyn,Bowler,2,Royal Challengers Bangalore,2020,Overseas,0
Dan Christian,All-Rounder,4.8,Royal Challengers Bangalore,2021,Overseas,0
Daniel Christian,All-Rounder,0.75,Royal Challengers Bangalore,2013,Overseas,0
Daniel Christian,All-Rounder,1,Rising Pune Supergiant,2017,Overseas,0
Daniel Christian,All-Rounder,1.5,Delhi Daredevils,2018,Overseas,1
Daniel Sams,All-Rounder,2.6,Mumbai Indians,2022,Overseas,1
Darcy Short,All-Rounder,4,Rajasthan Royals,2018,Overseas,1
Darren Bravo,Batsman,0.5,Kolkata Knight Riders,2017,Overseas,0
Darren Sammy,All-Rounder,3.1875,Sunrisers Hyderabad,2013,Overseas,0
Darren Sammy,All-Rounder,3.5,Sunrisers Hyderabad,2014,Overseas,1
Darren Sammy,All-Rounder,2.8,Royal Challengers Bangalore,2015,Overseas,0
Darren Sammy,All-Rounder,0.3,Kings XI Punjab,2017,Overseas,0
Darshan Nalkande,All-Rounder,0.3,Kings XI Punjab,2019,Indian,0
Darshan Nalkande,All-Rounder,0.2,Gujarat Titans,2022,Indian,1
Daryl Mitchell,All-Rounder,0.75,Rajasthan Royals,2022,Overseas,1
David Miller,Batsman,3,Kings XI Punjab,2018,Overseas,1
David Miller,Batsman,0.75,Rajasthan Royals,2020,Overseas,0
David Miller,Batsman,3,Gujarat Titans,2022,Overseas,1
David Warner,Batsman,5.5,Sunrisers Hyderabad,2014,Overseas,1
David Warner,Batsman,6.25,Delhi Capitals,2022,Overseas,1
David Wiese,All-Rounder,2.8,Royal Challengers Bangalore,2015,Overseas,0
David Willey,All-Rounder,2,Royal Challengers Bangalore,2022,Overseas,1
Dawid Malan,All-Rounder,1.5,Punjab Kings,2021,Overseas,0
Debabrata Das,Wicket Keeper,0.2,Kolkata Knight Riders,2014,Indian,1
Deepak Chahar,All-Rounder,0.1,Rising Pune Supergiant,2016,Indian,0
Deepak Chahar,All-Rounder,0.8,Chennai Super Kings,2018,Indian,1
Deepak Chahar,Bowler,14,Chennai Super Kings,2022,Indian,1
Deepak Hooda,Bowler,0.4,Rajasthan Royals,2014,Indian,1
Deepak Hooda,All-Rounder,4.2,Sunrisers Hyderabad,2016,Indian,0
Deepak Hooda,All-Rounder,3.6,Sunrisers Hyderabad,2018,Indian,1
Deepak Hooda,All-Rounder,0.5,Kings XI Punjab,2020,Indian,0
Deepak Hooda,All-Rounder,5.75,Lucknow Super Giants,2022,Indian,1
Deepak Punia,All-Rounder,0.1,Mumbai Indians,2016,Indian,0
Devdutt Padikkal,Batsman,0.2,Royal Challengers Bangalore,2019,Indian,0
Devdutt Padikkal,Batsman,7.75,Rajasthan Royals,2022,Indian,1
Devon Conway,Batsman,1,Chennai Super Kings,2022,Overseas,1
Dewald Brevis,Batsman,3,Mumbai Indians,2022,Overseas,1
Dhawal Kulkarni,Bowler,1.1,Rajasthan Royals,2014,Indian,1
Dhawal Kulkarni,Bowler,2,Gujarat Lions,2016,Indian,0
Dhawal Kulkarni,Bowler,0.75,Rajasthan Royals,2018,Indian,1
Dhruv Jurel,Wicket Keeper,0.2,Rajasthan Royals,2022,Indian,1
Dhruv Shorey,All-Rounder,0.2,Chennai Super Kings,2018,Indian,1
Digvijay Deshmukh,All-Rounder,0.2,Mumbai Indians,2020,Indian,0
Dinesh Karthik,Wicket Keeper,12.5,Delhi Daredevils,2014,Indian,1
Dinesh Karthik,Wicket Keeper,10.5,Royal Challengers Bangalore,2015,Indian,0
Dinesh Karthik,Wicket Keeper,2.3,Gujarat Lions,2016,Indian,0
Dinesh Karthik,Wicket Keeper,7.4,Kolkata Knight Riders,2018,Indian,1
Dinesh Karthik,Wicket Keeper,5.5,Royal Challengers Bangalore,2022,Indian,1
Dinesh Salunkhe,All-Rounder,0.1,Rajasthan Royals,2015,Indian,0
Dirk Nannes,Bowler,4.5,Chennai Super Kings,2013,Overseas,0
Dishant Yagnik,Wicket Keeper,0.3,Rajasthan Royals,2014,Indian,1
Dominic Drakes,All-Rounder,1.1,Gujarat Titans,2022,Overseas,1
Domnic Joseph Muthuswamy,Bowler,0.75,Delhi Daredevils,2015,Overseas,0
Dushmanta Chameera,Bowler,2,Lucknow Super Giants,2022,Overseas,1
Dushmantha Chameera,Bowler,0.5,Rajasthan Royals,2018,Overseas,1
Dwaine Pretorius,All-Rounder,0.5,Chennai Super Kings,2022,Overseas,1
Dwayne Bravo,All-Rounder,6.4,Chennai Super Kings,2018,Overseas,1
Dwayne Bravo,All-Rounder,4.4,Chennai Super Kings,2022,Overseas,1
Dwayne Smith,Batsman,4.5,Chennai Super Kings,2014,Overseas,1
Dwayne Smith,All-Rounder,2.3,Gujarat Lions,2016,Overseas,0
Eklavya Dwivedi,Wicket Keeper,0.1,Chennai Super Kings,2015,Indian,0
Eklavya Dwivedi,Wicket Keeper,1,Gujarat Lions,2016,Indian,0
Eklavya Dwivedi,Wicket Keeper,0.75,Sunrisers Hyderabad,2017,Indian,0
Eoin Morgan,Batsman,1.5,Sunrisers Hyderabad,2015,Overseas,0
Eoin Morgan,Batsman,2,Kings XI Punjab,2017,Overseas,0
Eoin Morgan,Batsman,5.25,Kolkata Knight Riders,2020,Overseas,0
Evin Lewis,Batsman,3.8,Mumbai Indians,2018,Overseas,1
Evin Lewis,Batsman,2,Lucknow Super Giants,2022,Overseas,1
Fabian Allen,All-Rounder,0.5,Sunrisers Hyderabad,2020,Overseas,0
Fabian Allen,All-Rounder,0.75,Punjab Kings,2021,Overseas,0
Fabian Allen,All-Rounder,0.75,Mumbai Indians,2022,Overseas,1
Faf Du Plessis,Batsman,4.75,Chennai Super Kings,2014,Overseas,1
Faf Du Plessis,Batsman,1.6,Chennai Super Kings,2018,Overseas,1
Faf Du Plessis,Batsman,7,Royal Challengers Bangalore,2022,Overseas,1
Farhaan Behardien,All-Rounder,0.3,Kings XI Punjab,2016,Overseas,0
Fazalhaq Farooqi,Bowler,0.5,Sunrisers Hyderabad,2022,Overseas,1
Fidel Edwards,Bowler,1.575,Rajasthan Royals,2013,Overseas,0
Finn Allen,Batsman,0.8,Royal Challengers Bangalore,2022,Overseas,1
Gautam Gambhir,Batsman,2.8,Delhi Daredevils,2018,Indian,1
George Bailey,Batsman,3.25,Kings XI Punjab,2014,Overseas,1
Glenn Maxwell,All-Rounder,7.5,Mumbai Indians,2013,Overseas,0
Glenn Maxwell,All-Rounder,6,Kings XI Punjab,2014,Overseas,1
Glenn Maxwell,All-Rounder,9,Delhi Daredevils,2018,Overseas,1
Glenn Maxwell,All-Rounder,10.75,Kings XI Punjab,2020,Overseas,0
Glenn Maxwell,All-Rounder,14.25,Royal Challengers Bangalore,2021,Overseas,0
Glenn Phillips,Wicket Keeper,1.5,Sunrisers Hyderabad,2022,Overseas,1
Gurinder Sandhu,Bowler,1.7,Delhi Daredevils,2015,Indian,0
Gurkeerat Singh Mann,All-Rounder,0.5,Gujarat Titans,2022,Indian,1
Gurkeerat Singh Mann,All-Rounder,0.75,Delhi Daredevils,2018,Indian,1
Gurkeerat Singh Mann,All-Rounder,0.5,Royal Challengers Bangalore,2019,Indian,0
Gurkeerat Singh Mann,Batsman,1.3,Kings XI Punjab,2014,Indian,1
Hanuma Vihari,Batsman,0.1,Sunrisers Hyderabad,2015,Indian,0
Hanuma Vihari,Batsman,2,Delhi Capitals,2019,Indian,0
Harbhajan Singh,Bowler,2,Chennai Super Kings,2018,Indian,1
Harbhajan Singh,Bowler,2,Kolkata Knight Riders,2021,Indian,0
Hardik Pandya,All-Rounder,0.1,Mumbai Indians,2015,Indian,0
Hardus Viljoen,Bowler,0.75,Kings XI Punjab,2019,Overseas,0
Harpreet Brar,All-Rounder,0.2,Kings XI Punjab,2019,Indian,0
Harpreet Brar,All-Rounder,3.8,Punjab Kings,2022,Indian,1
Harry Gurney,Bowler,0.75,Kolkata Knight Riders,2019,Overseas,0
Harshal Patel,Bowler,0.4,Royal Challengers Bangalore,2014,Indian,1
Harshal Patel,All-Rounder,0.2,Delhi Daredevils,2018,Indian,1
Harshal Patel,All-Rounder,10.75,Royal Challengers Bangalore,2022,Indian,1
Heinrich Klaasen,Wicket Keeper,0.5,Royal Challengers Bangalore,2019,Overseas,0
Himmat Singh,Batsman,0.65,Royal Challengers Bangalore,2019,Indian,0
Hrithik Shokeen,All-Rounder,0.2,Mumbai Indians,2022,Indian,1
HS Sharath,Bowler,0.1,Delhi Daredevils,2014,Indian,1
Imran Tahir,Bowler,1,Chennai Super Kings,2018,Overseas,1
Iqbal Abdullah,All-Rounder,0.65,Rajasthan Royals,2014,Indian,1
Iqbal Abdullah,All-Rounder,0.1,Royal Challengers Bangalore,2016,Indian,0
Irfan Pathan,All-Rounder,2.4,Sunrisers Hyderabad,2014,Indian,1
Irfan Pathan,All-Rounder,1.5,Chennai Super Kings,2015,Indian,0
Irfan Pathan,All-Rounder,1,Rising Pune Supergiant,2016,Indian,0
Ishan Kishan,Wicket Keeper,0.35,Gujarat Lions,2016,Indian,0
Ishan Kishan,Wicket Keeper,6.2,Mumbai Indians,2018,Indian,1
Ishan Kishan,Wicket Keeper,15.25,Mumbai Indians,2022,Indian,1
Ishan Porel,Bowler,0.25,Punjab Kings,2022,Indian,1
Ishan Porel,Bowler,0.2,Kings XI Punjab,,Indian,0
Ishank Jaggi,Batsman,0.1,Kolkata Knight Riders,2017,Indian,0
Ishank Jaggi,Batsman,0.2,Kolkata Knight Riders,2018,Indian,1
Ishant Sharma,Bowler,2.6,Sunrisers Hyderabad,2014,Indian,1
Ishant Sharma,Bowler,3.8,Rising Pune Supergiant,2016,Indian,0
Ishant Sharma,Bowler,1.1,Delhi Capitals,2019,Indian,0
Ishwar Chandra Pandey,Bowler,1.5,Chennai Super Kings,2014,Indian,1
Ishwar Chandra Pandey,Bowler,0.2,Rising Pune Supergiant,2016,Indian,0
Isuru Udana,All-Rounder,0.5,Royal Challengers Bangalore,2020,Overseas,0
J Suchith,Bowler,0.3,Sunrisers Hyderabad,2021,Indian,0
J Suchith,All-Rounder,0.1,Mumbai Indians,2015,Indian,0
Jacob Oram,All-Rounder,0.375,Mumbai Indians,2013,Overseas,0
Jacques Kallis,All-Rounder,5.5,Kolkata Knight Riders,2014,Overseas,1
Jagadeesha Suchith,Bowler,0.2,Sunrisers Hyderabad,2022,Indian,1
Jalaj Saxena,All-Rounder,0.9,Mumbai Indians,2014,Indian,1
Jalaj Saxena,All-Rounder,0.1,Royal Challengers Bangalore,2015,Indian,0
Jalaj Saxena,All-Rounder,0.2,Delhi Capitals,2019,Indian,0
Jalaj Saxena,All-Rounder,0.3,Punjab Kings,2021,Indian,0
James Faulkner,All-Rounder,3,Rajasthan Royals,2013,Overseas,0
James Neesham,All-Rounder,1,Delhi Daredevils,2014,Overseas,1
James Neesham,All-Rounder,0.5,Kolkata Knight Riders,2015,Overseas,0
James Neesham,All-Rounder,0.5,Kings XI Punjab,2020,Overseas,0
James Neesham,All-Rounder,0.5,Mumbai Indians,2021,Overseas,0
James Neesham,All-Rounder,1.5,Rajasthan Royals,2022,Overseas,1
Jaskaran Singh,Bowler,0.1,Rising Pune Supergiant,2016,Indian,0
Jason Behrendorff,Bowler,1.5,Mumbai Indians,2018,Overseas,1
Jason Behrendorff,Bowler,0.75,Royal Challengers Bangalore,2022,Overseas,1
Jason Holder,Bowler,0.15,Chennai Super Kings,2013,Overseas,0
Jason Holder,Bowler,0.75,Sunrisers Hyderabad,2014,Overseas,1
Jason Holder,All-Rounder,0.7,Kolkata Knight Riders,2016,Overseas,0
Jason Holder,All-Rounder,8.75,Lucknow Super Giants,2022,Overseas,1
Jason Roy,Batsman,1,Gujarat Lions,2017,Overseas,0
Jason Roy,Batsman,1.5,Delhi Daredevils,2018,Overseas,1
Jason Roy,Batsman,1.5,Delhi Capitals,2020,Overseas,0
Jason Roy,Batsman,2,Gujarat Titans,2022,Overseas,1
Jasprit Bumrah,Bowler,1.2,Mumbai Indians,2014,Indian,1
Jatin Saxena,All-Rounder,0.2,Rajasthan Royals,2018,Indian,1
Javon Searless,All-Rounder,0.3,Kolkata Knight Riders,2018,Indian,1
Jayant Yadav,All-Rounder,0.1,Delhi Daredevils,2014,Indian,1
Jayant Yadav,All-Rounder,0.5,Delhi Daredevils,2018,Indian,1
Jayant Yadav,All-Rounder,1.7,Gujarat Titans,2022,Indian,1
Jaydev Shah,All-Rounder,0.2,Gujarat Lions,2016,Indian,0
Jaydev Unadkat,Bowler,3.9375,Royal Challengers Bangalore,2013,Indian,0
Jaydev Unadkat,Bowler,2.8,Delhi Daredevils,2014,Indian,1
Jaydev Unadkat,Bowler,1.1,Delhi Daredevils,2015,Indian,0
Jaydev Unadkat,Bowler,1.6,Kolkata Knight Riders,2016,Indian,0
Jaydev Unadkat,Bowler,0.3,Rising Pune Supergiant,2017,Indian,0
Jaydev Unadkat,Bowler,11.5,Rajasthan Royals,2018,Indian,1
Jaydev Unadkat,Bowler,8.4,Rajasthan Royals,2019,Indian,0
Jaydev Unadkat,Bowler,3,Rajasthan Royals,2020,Indian,0
Jaydev Unadkat,Bowler,1.3,Mumbai Indians,2022,Indian,1
Jean-Paul Duminy,Batsman,2.2,Delhi Daredevils,2014,Overseas,1
Jean-Paul Duminy,All-Rounder,1,Mumbai Indians,2018,Overseas,1
Jeevan Mendis,All-Rounder,0.375,Delhi Daredevils,2013,Overseas,0
Jesse Ryder,All-Rounder,1.95,Delhi Daredevils,2013,Overseas,0
Jhye Richardson,Bowler,14,Punjab Kings,2021,Overseas,0
Jitesh Sharma,Wicket Keeper,0.1,Mumbai Indians,2016,Indian,0
Jitesh Sharma,Wicket Keeper,0.2,Punjab Kings,2022,Indian,1
Joe Denly,Batsman,1,Kolkata Knight Riders,2019,Overseas,0
Joel Paris,Bowler,0.3,Delhi Daredevils,2016,Overseas,0
Jofra Archer,All-Rounder,7.2,Rajasthan Royals,2018,Overseas,1
Jofra Archer,All-Rounder,8,Mumbai Indians,2022,Overseas,1
Johan Botha,All-Rounder,3.375,Delhi Daredevils,2013,Overseas,0
John Hastings,All-Rounder,0.5,Chennai Super Kings,2014,Overseas,1
John Hastings,Bowler,1.3,Kolkata Knight Riders,2016,Overseas,0
Jonny Bairstow,Wicket Keeper,2.2,Sunrisers Hyderabad,2019,Overseas,0
Jonny Bairstow,Wicket Keeper,6.75,Punjab Kings,2022,Overseas,1
Jos Buttler,Wicket Keeper,3.8,Mumbai Indians,2016,Overseas,0
Jos Buttler,Wicket Keeper,4.4,Rajasthan Royals,2018,Overseas,1
Josh Hazlewood,Bowler,0.5,Mumbai Indians,2014,Overseas,1
Josh Hazlewood,Bowler,2,Chennai Super Kings,2020,Overseas,0
Josh Hazlewood,Bowler,7.75,Royal Challengers Bangalore,2022,Overseas,1
Joshua Philippe,Wicket Keeper,0.2,Royal Challengers Bangalore,2020,Overseas,0
Juan Theron,Bowler,0.3,Rajasthan Royals,2015,Overseas,0
Krishnappa Gowtham,All-Rounder,0.9,Lucknow Super Giants,2022,Indian,1
K.Bhagath Varma,All-Rounder,0.2,Chennai Super Kings,2021,Indian,0
K.Bhagath Varma,All-Rounder,0.2,Chennai Super Kings,2022,Indian,1
K.C Cariappa,Bowler,0.2,Rajasthan Royals,2021,Indian,0
K.C Cariappa,Bowler,0.3,Rajasthan Royals,2022,Indian,1
K.C. Cariappa,Bowler,2.4,Kolkata Knight Riders,2015,Indian,0
K.C. Cariappa,Bowler,0.8,Kings XI Punjab,2016,Indian,0
K.K. Jiyaz,Bowler,0.1,Delhi Daredevils,2015,Indian,0
K.M. Asif,Bowler,0.2,Chennai Super Kings,2022,Indian,1
K.S. Bharat,Wicket Keeper,2,Delhi Capitals,2022,Indian,1
Kagiso Rabada,Bowler,5,Delhi Daredevils,2017,Overseas,0
Kagiso Rabada,Bowler,4.2,Delhi Daredevils,2018,Overseas,1
Kagiso Rabada,Bowler,9.25,Punjab Kings,2022,Overseas,1
Kamlesh Nagarkoti,All-Rounder,3.2,Kolkata Knight Riders,2018,Indian,1
Kamlesh Nagarkoti,All-Rounder,1.1,Delhi Capitals,2022,Indian,1
Kane Richardson,Bowler,5.25,Pune Warriors India,2013,Overseas,0
Kane Richardson,Bowler,1,Rajasthan Royals,2014,Overseas,1
Kane Richardson,Bowler,2,Royal Challengers Bangalore,2016,Overseas,0
Kane Richardson,Bowler,4,Royal Challengers Bangalore,2020,Overseas,0
Kane Williamson,All-Rounder,0.6,Sunrisers Hyderabad,2015,Overseas,0
Kane Williamson,Batsman,3,Sunrisers Hyderabad,2018,Overseas,1
Kanishk Seth,All-Rounder,0.2,Chennai Super Kings,2018,Indian,1
Karan Sharma,All-Rounder,0.2,Lucknow Super Giants,2022,Indian,1
Karanveer Singh,All-Rounder,0.1,Kings XI Punjab,2014,Indian,1
Karn Sharma,Bowler,3.75,Sunrisers Hyderabad,2014,Indian,1
Karn Sharma,All-Rounder,3.2,Mumbai Indians,2017,Indian,0
Karn Sharma,Bowler,5,Chennai Super Kings,2018,Indian,1
Karn Sharma,Bowler,0.5,Royal Challengers Bangalore,2022,Indian,1
Kartik Tyagi,Bowler,1.3,Rajasthan Royals,2020,Indian,0
Kartik Tyagi,Bowler,4,Sunrisers Hyderabad,2022,Indian,1
Karun Nair,Batsman,0.75,Rajasthan Royals,2014,Indian,1
Karun Nair,Batsman,4,Delhi Daredevils,2016,Indian,0
Karun Nair,Batsman,5.6,Kings XI Punjab,2018,Indian,1
Karun Nair,Batsman,0.5,Kolkata Knight Riders,2021,Indian,0
Karun Nair,Batsman,1.4,Rajasthan Royals,2022,Indian,1
Kedar Jadhav,Batsman,2,Delhi Daredevils,2014,Indian,1
Kedar Jadhav,All-Rounder,7.8,Chennai Super Kings,2018,Indian,1
Kedar Jadhav,All-Rounder,2,Sunrisers Hyderabad,2021,Indian,0
Keemo Paul,All-Rounder,0.5,Delhi Capitals,2019,Overseas,0
Kevin Pietersen,Batsman,9,Delhi Daredevils,2014,Overseas,1
Kevin Pietersen,Batsman,2,Sunrisers Hyderabad,2015,Overseas,0
Kevin Pietersen,Batsman,3.5,Rising Pune Supergiant,2016,Overseas,0
Kevon Cooper,All-Rounder,0.3,Rajasthan Royals,2014,Overseas,1
Kieron Pollard,All-Rounder,5.4,Mumbai Indians,2018,Overseas,1
Kishore Pramod Kamath,All-Rounder,1.4,Mumbai Indians,2016,Indian,0
KL Rahul,Batsman,1,Sunrisers Hyderabad,2014,Indian,1
KL Rahul,Batsman,11,Kings XI Punjab,2018,Indian,1
Kona Srikar Bharat,Wicket Keeper,0.1,Delhi Daredevils,2015,Indian,0
Kona Srikar Bharat,Wicket Keeper,0.2,Royal Challengers Bangalore,2021,Indian,0
Krishnappa Gowtham,All-Rounder,2,Mumbai Indians,2017,Indian,0
Krishnappa Gowtham,Bowler,6.2,Rajasthan Royals,2018,Indian,1
Krishnappa Gowtham,All-Rounder,9.25,Chennai Super Kings,2021,Indian,0
Krismar Santokie,Bowler,0.3,Mumbai Indians,2014,Overseas,1
Krunal Pandya,All-Rounder,2,Mumbai Indians,2016,Indian,0
Krunal Pandya,All-Rounder,8.8,Mumbai Indians,2018,Indian,1
Krunal Pandya,All-Rounder,8.25,Lucknow Super Giants,2022,Indian,1
Kshitiz Sharma,All-Rounder,0.2,Chennai Super Kings,2018,Indian,1
Kuldeep Sen,Bowler,0.2,Rajasthan Royals,2022,Indian,1
Kuldeep Yadav,Bowler,0.4,Kolkata Knight Riders,2014,Indian,1
Kuldeep Yadav,Bowler,5.8,Kolkata Knight Riders,2018,Indian,1
Kuldeep Yadav,Bowler,2,Delhi Capitals,2022,Indian,1
Kuldip Yadav,Bowler,0.2,Rajasthan Royals,2021,Indian,0
Kuldip Yadav,Bowler,0.2,Rajasthan Royals,2022,Indian,1
Kulwant Khejroliya,Bowler,0.1,Mumbai Indians,2017,Indian,0
Kulwant Khejroliya,Bowler,0.85,Royal Challengers Bangalore,2018,Indian,1
Kusal Janith Perera,Wicket Keeper,0.15,Rajasthan Royals,2013,Indian,0
Kyle Abbott,Bowler,0.3,Chennai Super Kings,2015,Overseas,0
Kyle Abbott,Bowler,2.1,Kings XI Punjab,2016,Overseas,0
Kyle Jamieson,All-Rounder,15,Royal Challengers Bangalore,2021,Overseas,0
Kyle Mayers,All-Rounder,0.5,Lucknow Super Giants,2022,Overseas,1
Lakshmipathy Balaji,Bowler,1.8,Kings XI Punjab,2014,Indian,1
Lalit Yadav,All-Rounder,0.2,Delhi Capitals,2020,Indian,0
Lalit Yadav,All-Rounder,0.65,Delhi Capitals,2022,Indian,1
Lasith Malinga,Bowler,2,Mumbai Indians,2019,Overseas,0
Laxmi Ratan Shukla,All-Rounder,1.5,Delhi Daredevils,2014,Indian,1
Laxmi Ratan Shukla,All-Rounder,0.3,Sunrisers Hyderabad,2015,Indian,0
Liam Livingstone,All-Rounder,0.5,Rajasthan Royals,2019,Overseas,0
Liam Livingstone,All-Rounder,0.75,Rajasthan Royals,2021,Overseas,0
Liam Livingstone,All-Rounder,11.5,Punjab Kings,2022,Overseas,1
Lockie Ferguson,Bowler,0.5,Rising Pune Supergiant,2017,Overseas,0
Lockie Ferguson,Bowler,1.6,Kolkata Knight Riders,2019,Overseas,0
Lockie Ferguson,Bowler,10,Gujarat Titans,2022,Overseas,1
Luke Pomersbach,Batsman,2.25,Kings XI Punjab,2013,Overseas,0
Lukman Hussain Meriwala,Bowler,0.2,Delhi Capitals,2021,Indian,0
Lungisani Ngidi,Bowler,0.5,Chennai Super Kings,2018,Overseas,1
Lungisani Ngidi,Bowler,0.5,Delhi Capitals,2022,Overseas,1
Luvnith Sisodia,Wicket Keeper,0.2,Royal Challengers Bangalore,2022,Indian,1
M Siddharth,Bowler,0.2,Kolkata Knight Riders,2020,Indian,0
M Siddharth,Bowler,0.2,Delhi Capitals,2021,Indian,0
M. Ashwin,Bowler,4.5,Rising Pune Supergiant,2016,Indian,0
M. Ashwin,Bowler,1,Delhi Daredevils,2017,Indian,0
M. Ashwin,Bowler,2.2,Royal Challengers Bangalore,2018,Indian,1
M. Ashwin,Bowler,0.2,Kings XI Punjab,2019,Indian,0
M. Harisankar Reddy,Bowler,0.2,Chennai Super Kings,2021,Indian,0
Washington Sundar,All-Rounder,3.2,Royal Challengers Bangalore,2018,Indian,1
Maheesh Theekshana,Bowler,0.7,Chennai Super Kings,2022,Overseas,1
Mahipal Lomror,All-Rounder,0.1,Delhi Daredevils,2016,Indian,0
Mahipal Lomror,All-Rounder,0.2,Rajasthan Royals,2018,Indian,1
Mahipal Lomror,All-Rounder,0.95,Royal Challengers Bangalore,2022,Indian,1
Manan Ajay Sharma,All-Rounder,0.1,Kolkata Knight Riders,2016,Indian,0
Manan Vohra,Batsman,1.1,Royal Challengers Bangalore,2018,Indian,1
Manan Vohra,Batsman,0.2,Rajasthan Royals,2019,Indian,0
Manan Vohra,Batsman,0.2,Lucknow Super Giants,2022,Indian,1
Mandeep Hardev Singh,All-Rounder,0.8,Kings XI Punjab,2014,Indian,1
Mandeep Singh,All-Rounder,1.4,Royal Challengers Bangalore,2018,Indian,1
Mandeep Singh,Batsman,1.1,Delhi Capitals,2022,Indian,1
Manish Pandey,Batsman,1.7,Kolkata Knight Riders,2014,Indian,1
Manish Pandey,Batsman,11,Sunrisers Hyderabad,2018,Indian,1
Manish Pandey,Batsman,4.6,Lucknow Super Giants,2022,Indian,1
Manjot Kalra,Batsman,0.2,Delhi Daredevils,2018,Indian,1
Manoj Tiwary,Batsman,2.8,Delhi Daredevils,2014,Indian,1
Manoj Tiwary,Batsman,0.5,Rising Pune Supergiant,2017,Indian,0
Manoj Tiwary,Batsman,1,Kings XI Punjab,2018,Indian,1
Manpreet Gony,Bowler,3.75,Kings XI Punjab,2013,Indian,0
Manpreet Gony,Bowler,0.6,Gujarat Lions,2017,Indian,0
Manprit Juneja,Batsman,0.1,Sunrisers Hyderabad,2014,Indian,1
Manvinder Bisla,Wicket Keeper,0.6,Kolkata Knight Riders,2014,Indian,1
Manzoor Dar,All-Rounder,0.2,Kings XI Punjab,2018,Indian,1
Marchant De Lange,Bowler,0.3,Mumbai Indians,2014,Overseas,1
Marco Jansen,All-Rounder,0.2,Mumbai Indians,2021,Overseas,0
Marco Jansen,All-Rounder,4.2,Sunrisers Hyderabad,2022,Overseas,1
Marcus Stoinis,All-Rounder,0.25,Delhi Daredevils,2015,Overseas,0
Marcus Stoinis,All-Rounder,0.55,Kings XI Punjab,2016,Overseas,0
Marcus Stoinis,All-Rounder,6.2,Kings XI Punjab,2018,Overseas,1
Marcus Stoinis,All-Rounder,4.8,Delhi Capitals,2020,Overseas,0
Mark Wood,Bowler,1.5,Chennai Super Kings,2018,Overseas,1
Mark Wood,Bowler,7.5,Lucknow Super Giants,2022,Overseas,1
Martin Guptill,Batsman,0.5,Kings XI Punjab,2017,Overseas,0
Martin Guptill,Batsman,1,Sunrisers Hyderabad,2019,Overseas,0
Matt Henry,Bowler,0.3,Chennai Super Kings,2014,Overseas,1
Matt Henry,Bowler,0.5,Kings XI Punjab,2017,Overseas,0
Matthew Wade,Wicket Keeper,2.4,Gujarat Titans,2022,Overseas,1
Mayank Agarwal,Batsman,1.6,Delhi Daredevils,2014,Indian,1
Mayank Agarwal,Batsman,1,Kings XI Punjab,2018,Indian,1
Mayank Dagar,All-Rounder,0.2,Kings XI Punjab,2018,Indian,1
Mayank Markande,Bowler,0.2,Mumbai Indians,2018,Indian,1
Mayank Markande,Bowler,0.65,Mumbai Indians,2022,Indian,1
Mayank Yadav,Bowler,0.2,Lucknow Super Giants,2022,Indian,1
Michael Clarke,Batsman,3,Pune Warriors India,2013,Overseas,0
Michael Hussey,Batsman,5,Mumbai Indians,2014,Overseas,1
Michael Hussey,Batsman,1.5,Chennai Super Kings,2015,Overseas,0
Midhun S,All-Rounder,0.2,Rajasthan Royals,2018,Indian,1
Milind Kumar,Batsman,0.1,Delhi Daredevils,2014,Indian,1
Milind Kumar,All-Rounder,0.2,Royal Challengers Bangalore,2019,Indian,0
Milind Tandon,All-Rounder,0.1,Rising Pune Supergiant,2017,Indian,0
Mitchell Johnson,All-Rounder,6.5,Kings XI Punjab,2014,Overseas,1
Mitchell Johnson,Bowler,2,Mumbai Indians,2017,Overseas,0
Mitchell Johnson,Bowler,2,Kolkata Knight Riders,2018,Overseas,1
Mitchell Marsh,All-Rounder,4.8,Rising Pune Supergiant,2016,Overseas,0
Mitchell Marsh,All-Rounder,2,Sunrisers Hyderabad,2020,Overseas,0
Mitchell Marsh,All-Rounder,6.5,Delhi Capitals,2022,Overseas,1
Mitchell McClenaghan,Bowler,0.3,Mumbai Indians,2015,Overseas,0
Mitchell Santner,All-Rounder,0.5,Chennai Super Kings,2018,Overseas,1
Mitchell Santner,All-Rounder,1.9,Chennai Super Kings,2022,Overseas,1
Mitchell Starc,Bowler,5,Royal Challengers Bangalore,2014,Overseas,1
Mitchell Starc,Bowler,9.4,Kolkata Knight Riders,2018,Overseas,1
Mithun Manhas,All-Rounder,0.3,Chennai Super Kings,2014,Indian,1
Moeen Ali,All-Rounder,1.7,Royal Challengers Bangalore,2018,Overseas,1
Moeen Ali,All-Rounder,7,Chennai Super Kings,2021,Overseas,0
Mohammad Nabi,All-Rounder,0.3,Sunrisers Hyderabad,2017,Overseas,0
Mohammad Nabi,All-Rounder,1,Sunrisers Hyderabad,2018,Overseas,1
Mohammad Nabi,All-Rounder,1,Kolkata Knight Riders,2022,Overseas,1
Mohammad Shami,Bowler,4.25,Delhi Daredevils,2014,Indian,1
Mohammad Shami,Bowler,3,Delhi Daredevils,2018,Indian,1
Mohammad Shami,Bowler,4.8,Kings XI Punjab,2019,Indian,0
Mohammad Shami,Bowler,6.25,Gujarat Titans,2022,Indian,1
Mohammed Azharudeen,Wicket Keeper,0.2,Royal Challengers Bangalore,2021,Indian,0
Mohammed Siraj,Bowler,2.6,Sunrisers Hyderabad,2017,Indian,0
Mohammed Siraj,Bowler,2.6,Royal Challengers Bangalore,2018,Indian,1
Mohd. Arshad Khan,All-Rounder,0.2,Mumbai Indians,2022,Indian,1
Mohit Sharma,Bowler,2,Chennai Super Kings,2014,Indian,1
Mohit Sharma,Bowler,6.5,Kings XI Punjab,2016,Indian,0
Mohit Sharma,Bowler,2.4,Kings XI Punjab,2018,Indian,1
Mohit Sharma,Bowler,5,Chennai Super Kings,2019,Indian,0
Mohit Sharma,Bowler,0.5,Delhi Capitals,2020,Indian,0
Mohsin Khan,Bowler,0.2,Mumbai Indians,2018,Indian,1
Mohsin Khan,Bowler,0.2,Mumbai Indians,2020,Indian,0
Mohsin Khan,Bowler,0.2,Lucknow Super Giants,2022,Indian,1
Moises Henriques,All-Rounder,2.25,Royal Challengers Bangalore,2013,Overseas,0
Moises Henriques,All-Rounder,1,Sunrisers Hyderabad,2014,Overseas,1
Moises Henriques,All-Rounder,1,Kings XI Punjab,2019,Overseas,0
Moises Henriques,All-Rounder,4.2,Punjab Kings,2021,Overseas,0
Monu Singh,Bowler,0.2,Chennai Super Kings,2018,Indian,1
Morne Morkel,Bowler,2.8,Kolkata Knight Riders,2014,Overseas,1
Mujeeb Zadran,Bowler,4,Kings XI Punjab,2018,Overseas,1
Mujeeb Zadran,Bowler,1.5,Sunrisers Hyderabad,2021,Overseas,0
Mukesh Choudhary,Bowler,0.2,Chennai Super Kings,2022,Indian,1
Munaf Patel,Bowler,0.3,Gujarat Lions,2017,Indian,0
Murali Kartik,Bowler,1,Kings XI Punjab,2014,Indian,1
Murali Vijay,Batsman,5,Delhi Daredevils,2014,Indian,1
Murali Vijay,Batsman,3,Kings XI Punjab,2015,Indian,0
Murali Vijay,Batsman,2,Chennai Super Kings,2018,Indian,1
Murugan Ashwin,Bowler,1.6,Mumbai Indians,2022,Indian,1
Mustafizur Rahman,Bowler,1.4,Sunrisers Hyderabad,2016,Overseas,0
Mustafizur Rahman,Bowler,2.2,Mumbai Indians,2018,Overseas,1
Mustafizur Rahman,Bowler,1,Rajasthan Royals,2021,Overseas,0
Mustafizur Rahman,Bowler,2,Delhi Capitals,2022,Overseas,1
Muttiah Muralitharan,Bowler,1,Royal Challengers Bangalore,2014,Overseas,1
N Jagadeesan,Wicket Keeper,0.2,Chennai Super Kings,2018,Indian,1
N. Jagadeesan,Wicket Keeper,0.2,Chennai Super Kings,2022,Indian,1
N. Tilak Varma,All-Rounder,1.7,Mumbai Indians,2022,Indian,1
Naman Ojha,Wicket Keeper,0.5,Sunrisers Hyderabad,2014,Indian,1
Naman Ojha,Wicket Keeper,1.4,Delhi Daredevils,2018,Indian,1
Nathan Coulter-Nile,Bowler,3.375,Mumbai Indians,2013,Overseas,0
Nathan Coulter-Nile,Bowler,4.25,Delhi Daredevils,2014,Overseas,1
Nathan Coulter-Nile,Bowler,3.5,Kolkata Knight Riders,2017,Overseas,0
Nathan Coulter-Nile,Bowler,2.2,Royal Challengers Bangalore,2018,Overseas,1
Nathan Coulter-Nile,Bowler,8,Mumbai Indians,2020,Overseas,0
Nathan Coulter-Nile,Bowler,5,Mumbai Indians,2021,Overseas,0
Nathan Coulter-Nile,Bowler,2,Rajasthan Royals,2022,Overseas,1
Nathan Ellis,Bowler,0.75,Punjab Kings,2022,Overseas,1
Nathan McCullum,Bowler,0.75,Sunrisers Hyderabad,2013,Overseas,0
Nathu Singh,Bowler,3.2,Mumbai Indians,2016,Indian,0
Nathu Singh,Bowler,0.5,Gujarat Lions,2017,Indian,0
Nathu Singh,Bowler,0.2,Delhi Capitals,2019,Indian,0
Navdeep Saini,Bowler,0.1,Delhi Daredevils,2017,Indian,0
Navdeep Saini,Bowler,3,Royal Challengers Bangalore,2018,Indian,1
Navdeep Saini,Bowler,2.6,Rajasthan Royals,2022,Indian,1
Nic Maddinson,Batsman,0.5,Royal Challengers Bangalore,2014,Overseas,1
Nicolas Pooran,Wicket Keeper,10.75,Sunrisers Hyderabad,2022,Overseas,1
Nicolas Pooran,Wicket Keeper,0.3,Mumbai Indians,2017,Overseas,0
Nicolas Pooran,Wicket Keeper,4.2,Kings XI Punjab,2019,Overseas,0
Nidheesh M D Dinesan,Bowler,0.2,Mumbai Indians,2018,Indian,1
Nikhil Shankar Naik,Wicket Keeper,0.3,Kings XI Punjab,2015,Indian,0
Nikhil Shankar Naik,Wicket Keeper,0.2,Kolkata Knight Riders,2019,Indian,0
Nikhil Shankar Naik,Wicket Keeper,0.2,Kolkata Knight Riders,2020,Indian,0
Nitish Rana,All-Rounder,0.1,Mumbai Indians,2015,Indian,0
Nitish Rana,All-Rounder,3.4,Kolkata Knight Riders,2018,Indian,1
Nitish Rana,All-Rounder,8,Kolkata Knight Riders,2022,Indian,1
Noor Ahmad,Bowler,0.3,Gujarat Titans,2022,Overseas,1
Obed Mccoy,Bowler,0.75,Rajasthan Royals,2022,Overseas,1
Odean Smith,All-Rounder,6,Punjab Kings,2022,Overseas,1
Oshane Thomas,Bowler,1.1,Rajasthan Royals,2019,Overseas,0
Oshane Thomas,Bowler,0.5,Rajasthan Royals,2020,Overseas,0
Pankaj Jaswal,All-Rounder,0.2,Mumbai Indians,2019,Overseas,0
Pankaj Singh,Bowler,1.125,Royal Challengers Bangalore,2013,Indian,0
Paras Dogra,Batsman,0.1,Gujarat Lions,2016,Indian,0
Pardeep Sahu,All-Rounder,0.1,Rajasthan Royals,2015,Indian,0
Pardeep Sahu,All-Rounder,0.1,Kings XI Punjab,2016,Indian,0
Pardeep Sahu,Bowler,0.2,Kings XI Punjab,2018,Indian,1
Parthiv Patel,Wicket Keeper,1.4,Royal Challengers Bangalore,2014,Indian,1
Parthiv Patel,Wicket Keeper,1.7,Royal Challengers Bangalore,2018,Indian,1
Parveez Rasool,All-Rounder,0.95,Sunrisers Hyderabad,2014,Indian,1
Parvinder Awana,Bowler,0.65,Kings XI Punjab,2014,Indian,1
Pat Cummins,Bowler,5.4,Mumbai Indians,2018,Overseas,1
Pat Cummins,All-Rounder,15.5,Kolkata Knight Riders,2020,Overseas,0
Pat Cummins,All-Rounder,7.25,Kolkata Knight Riders,2022,Overseas,1
Pat Cummins,Bowler,1,Kolkata Knight Riders,2014,Overseas,1
Pat Cummins,Bowler,4.5,Delhi Daredevils,2017,Overseas,0
Pavan Deshpande,All-Rounder,0.2,Royal Challengers Bangalore,2018,Indian,1
Pavan Deshpande,All-Rounder,0.2,Royal Challengers Bangalore,2020,Indian,0
Pawan Negi,Bowler,0.1,Chennai Super Kings,2014,Indian,1
Pawan Negi,All-Rounder,8.5,Delhi Daredevils,2016,Indian,0
Pawan Negi,All-Rounder,1,Royal Challengers Bangalore,2017,Indian,0
Pawan Negi,All-Rounder,1,Royal Challengers Bangalore,2018,Indian,1
Pawan Negi,All-Rounder,0.5,Kolkata Knight Riders,2021,Indian,0
Pawan Suyal,Bowler,0.1,Mumbai Indians,2014,Indian,1
Pawan Suyal,Bowler,0.1,Delhi Daredevils,2016,Indian,0
Peter Handscomb,Wicket Keeper,0.3,Rising Pune Supergiant,2016,Overseas,0
Philip Hughes,Batsman,0.75,Mumbai Indians,2013,Overseas,0
Piyush Chawla,Bowler,4.25,Kolkata Knight Riders,2014,Indian,1
Piyush Chawla,Bowler,4.2,Kolkata Knight Riders,2018,Indian,1
Piyush Chawla,Bowler,6.75,Chennai Super Kings,2020,Indian,0
Piyush Chawla,Bowler,2.4,Mumbai Indians,2021,Indian,0
Prabhsimran Singh,Wicket Keeper,4.8,Kings XI Punjab,2019,Indian,0
Prabhsimran Singh,Wicket Keeper,0.55,Kings XI Punjab,2020,Indian,0
Prabhsimran Singh,Wicket Keeper,0.6,Punjab Kings,2022,Indian,1
Pradeep Sangwan,All-Rounder,0.2,Gujarat Lions,2016,Indian,0
Pradeep Sangwan,Bowler,1.5,Mumbai Indians,2018,Indian,1
Pradeep Sangwan,All-Rounder,0.2,Gujarat Titans,2022,Indian,1
Pragyan Ojha,Bowler,3.25,Mumbai Indians,2014,Indian,1
Pragyan Ojha,Bowler,0.5,Mumbai Indians,2015,Indian,0
Prasanth Padmanabhan,All-Rounder,0.1,Sunrisers Hyderabad,2015,Indian,0
Prasanth Parameswaran,Bowler,0.3,Sunrisers Hyderabad,2014,Indian,1
Prashant Chopra,Wicket Keeper,0.2,Rajasthan Royals,2018,Indian,1
Prashant Solanki,Bowler,1.2,Chennai Super Kings,2022,Indian,1
Prasidh Krishna,Bowler,10,Rajasthan Royals,2022,Indian,1
Pratham Singh,All-Rounder,0.1,Gujarat Lions,2017,Indian,0
Pratham Singh,Batsman,0.2,Kolkata Knight Riders,2022,Indian,1
Pratyush Singh,All-Rounder,0.1,Chennai Super Kings,2015,Indian,0
Pratyush Singh,All-Rounder,0.1,Delhi Daredevils,2016,Indian,0
Praveen Dubey,All-Rounder,0.35,Royal Challengers Bangalore,2016,Indian,0
Praveen Dubey,All-Rounder,0.1,Royal Challengers Bangalore,2017,Indian,0
Praveen Kumar,Bowler,2.2,Sunrisers Hyderabad,2015,Indian,0
Praveen Kumar,Bowler,3.5,Gujarat Lions,2016,Indian,0
Pravin Dubey,All-Rounder,0.5,Delhi Capitals,2022,Indian,1
Pravin Tambe,Bowler,0.1,Rajasthan Royals,2014,Indian,1
Pravin Tambe,Bowler,0.2,Gujarat Lions,2016,Indian,0
Pravin Tambe,Bowler,0.1,Sunrisers Hyderabad,2017,Indian,0
Pravin Tambe,Bowler,0.2,Kolkata Knight Riders,2020,Indian,0
Prayas Ray Barman,All-Rounder,1.5,Royal Challengers Bangalore,2019,Indian,0
Prerak Mankad,All-Rounder,0.2,Punjab Kings,2022,Indian,1
Prince Balwant Rai Singh,All-Rounder,0.2,Mumbai Indians,2020,Indian,0
Prithvi Raj Yarra,Bowler,0.2,Kolkata Knight Riders,2019,Indian,0
Prithvi Shaw,Batsman,1.2,Delhi Daredevils,2018,Indian,1
Priyam Garg,Batsman,1.9,Sunrisers Hyderabad,2020,Indian,0
Priyam Garg,Batsman,0.2,Sunrisers Hyderabad,2022,Indian,1
Quinton De Kock,Wicket Keeper,0.15,Sunrisers Hyderabad,2013,Overseas,0
Quinton De Kock,Wicket Keeper,3.5,Delhi Daredevils,2014,Overseas,1
Quinton De Kock,Wicket Keeper,2.8,Royal Challengers Bangalore,2018,Overseas,1
Quinton De Kock,Wicket Keeper,6.75,Lucknow Super Giants,2022,Overseas,1
R Samarth,Batsman,0.2,Sunrisers Hyderabad,2022,Indian,1
R. Ashwin,All-Rounder,5,Rajasthan Royals,2022,Indian,1
R. Sai Kishore,Bowler,0.2,Chennai Super Kings,2020,Indian,0
R. Sai Kishore,Bowler,3,Gujarat Titans,2022,Indian,1
R. Sanjay Yadav,All-Rounder,0.1,Kolkata Knight Riders,2017,Indian,0
Rahul Ajay Tripathi,All-Rounder,0.1,Rising Pune Supergiant,2017,Indian,0
Rahul Buddhi,Batsman,0.2,Mumbai Indians,2022,Indian,1
Rahul Chahar,Bowler,0.1,Rising Pune Supergiant,2017,Indian,0
Rahul Chahar,Bowler,1.9,Mumbai Indians,2018,Indian,1
Rahul Chahar,Bowler,5.25,Punjab Kings,2022,Indian,1
Rahul Sharma,Bowler,1.9,Delhi Daredevils,2014,Indian,1
Rahul Sharma,Bowler,0.3,Chennai Super Kings,2015,Indian,0
Rahul Shukla,Bowler,0.4,Delhi Daredevils,2014,Indian,1
Rahul Tewatia,All-Rounder,0.1,Rajasthan Royals,2014,Indian,1
Rahul Tewatia,All-Rounder,0.25,Kings XI Punjab,2017,Indian,0
Rahul Tewatia,All-Rounder,3,Delhi Daredevils,2018,Indian,1
Rahul Tewatia,All-Rounder,9,Gujarat Titans,2022,Indian,1
Rahul Tripathi,Batsman,3.4,Rajasthan Royals,2018,Indian,1
Rahul Tripathi,Batsman,0.6,Kolkata Knight Riders,2020,Indian,0
Rahul Tripathi,Batsman,8.5,Sunrisers Hyderabad,2022,Indian,1
Raj Angad Bawa,All-Rounder,2,Punjab Kings,2022,Indian,1
Rajagopal Sathish,All-Rounder,0.2,Kolkata Knight Riders,2016,Indian,0
Rajat Bhatia,All-Rounder,1.7,Rajasthan Royals,2014,Indian,1
Rajat Bhatia,All-Rounder,0.6,Rising Pune Supergiant,2016,Indian,0
Rajat Patidar,Batsman,0.2,Royal Challengers Bangalore,2021,Indian,0
Rajvardhan Hangargekar,All-Rounder,1.5,Chennai Super Kings,2022,Indian,1
Ramandeep Singh,All-Rounder,0.2,Mumbai Indians,2022,Indian,1
Ramesh Kumar,Batsman,0.2,Kolkata Knight Riders,2022,Indian,1
Ranganath Vinay Kumar,Bowler,2.8,Kolkata Knight Riders,2014,Indian,1
Ranganath Vinay Kumar,Bowler,1,Kolkata Knight Riders,2018,Indian,1
Rashid Khan Arman,Bowler,4,Sunrisers Hyderabad,2017,Overseas,0
Rashid Khan Arman,Bowler,9,Sunrisers Hyderabad,2018,Overseas,1
Rasikh Dar,Bowler,0.2,Mumbai Indians,2019,Indian,0
Rasikh Dar,Bowler,0.2,Kolkata Knight Riders,2022,Indian,1
Rassie Van Der Dussen,Batsman,1,Rajasthan Royals,2022,Overseas,1
Ravi Bishnoi,Bowler,2,Kings XI Punjab,2020,Indian,0
Ravi Bopara,All-Rounder,1,Sunrisers Hyderabad,2015,Indian,0
Ravi Rampaul,Bowler,2.175,Royal Challengers Bangalore,2013,Overseas,0
Ravi Rampaul,Bowler,0.9,Royal Challengers Bangalore,2014,Overseas,1
Ravichandran Ashwin,All-Rounder,7.6,Kings XI Punjab,2018,Overseas,1
Ricky Bhui,Batsman,0.1,Sunrisers Hyderabad,2014,Overseas,1
Ricky Bhui,Batsman,0.2,Sunrisers Hyderabad,2018,Overseas,1
Ricky Ponting,Batsman,3,Mumbai Indians,2013,Overseas,0
Riley Meredith,Bowler,8,Punjab Kings,2021,Overseas,0
Riley Meredith,Bowler,1,Mumbai Indians,2022,Overseas,1
Rinku Singh,Batsman,0.1,Kings XI Punjab,2017,Indian,0
Rinku Singh,Batsman,0.8,Kolkata Knight Riders,2018,Indian,1
Rinku Singh,Batsman,0.55,Kolkata Knight Riders,2022,Indian,1
Ripal Patel,All-Rounder,0.2,Delhi Capitals,2021,Indian,0
Ripal Patel,All-Rounder,0.2,Delhi Capitals,2022,Indian,1
Rishabh Pant,Wicket Keeper,1.9,Delhi Daredevils,2016,Indian,0
Rishi Dhawan,All-Rounder,3,Kings XI Punjab,2014,Indian,1
Rishi Dhawan,All-Rounder,0.55,Kolkata Knight Riders,2017,Indian,0
Rishi Dhawan,All-Rounder,0.55,Punjab Kings,2022,Indian,1
Riyan Parag,All-Rounder,0.2,Rajasthan Royals,2019,Indian,0
Riyan Parag,All-Rounder,3.8,Rajasthan Royals,2022,Indian,1
Robin Uthappa,Batsman,5,Kolkata Knight Riders,2014,Indian,1
Robin Uthappa,Batsman,6.4,Kolkata Knight Riders,2018,Indian,1
Robin Uthappa,Batsman,3,Rajasthan Royals,2020,Indian,0
Robin Uthappa,Batsman,2,Chennai Super Kings,2022,Indian,1
Romario Shepherd,All-Rounder,7.75,Sunrisers Hyderabad,2022,Overseas,1
Ronit More,Bowler,0.1,Chennai Super Kings,2014,Indian,1
Ross Taylor,Batsman,2,Delhi Daredevils,2014,Overseas,1
Rovman Powell,All-Rounder,0.3,Kolkata Knight Riders,2017,Overseas,0
Rovman Powell,Batsman,2.8,Delhi Capitals,2022,Overseas,1
Rudra Pratap Singh,Bowler,3,Royal Challengers Bangalore,2013,Indian,0
Rudra Pratap Singh,Bowler,0.3,Rising Pune Supergiant,2016,Indian,0
Ruturaj Gaikwad,Batsman,0.2,Chennai Super Kings,2019,Indian,0
Ryan McLaren,Bowler,0.375,Kolkata Knight Riders,2013,Overseas,0
Ryan Ten Doeschate,All-Rounder,1,Kolkata Knight Riders,2014,Overseas,1
Sachin Baby,Batsman,0.1,Royal Challengers Bangalore,2016,Indian,0
Sachin Baby,Batsman,0.2,Sunrisers Hyderabad,2018,Indian,1
Sachin Baby,Batsman,0.2,Royal Challengers Bangalore,2021,Indian,0
Sachin Rana,Bowler,0.2,Royal Challengers Bangalore,2014,Indian,1
Sachithra Senanayaka,All-Rounder,4.6875,Kolkata Knight Riders,2013,Overseas,0
Sagar Trivedi,All-Rounder,0.1,Rajasthan Royals,2015,Indian,0
Sam Billings,Wicket Keeper,0.3,Delhi Daredevils,2016,Overseas,0
Sam Billings,Wicket Keeper,1,Chennai Super Kings,2018,Overseas,1
Sam Billings,Wicket Keeper,2,Delhi Capitals,2021,Overseas,0
Sam Billings,Wicket Keeper,2,Kolkata Knight Riders,2022,Overseas,1
Sam Curran,All-Rounder,7.2,Kings XI Punjab,2019,Overseas,0
Sam Curran,All-Rounder,5.5,Chennai Super Kings,2020,Overseas,0
Samuel Badree,Bowler,0.3,Chennai Super Kings,2014,Overseas,1
Samuel Badree,Bowler,0.5,Royal Challengers Bangalore,2016,Overseas,0
Sandeep Bavanaka,All-Rounder,0.2,Sunrisers Hyderabad,2020,Overseas,0
Sandeep Lamichhane,Bowler,0.2,Delhi Daredevils,2018,Overseas,1
Sandeep Sharma,Bowler,0.85,Kings XI Punjab,2014,Indian,1
Sandeep Sharma,Bowler,3,Sunrisers Hyderabad,2018,Indian,1
Sandeep Sharma,Bowler,0.5,Punjab Kings,2022,Indian,1
Sandeep Warrier,Bowler,0.1,Royal Challengers Bangalore,2014,Indian,1
Sanjay Yadav,All-Rounder,0.2,Sunrisers Hyderabad,2020,Indian,0
Sanjay Yadav,All-Rounder,0.5,Mumbai Indians,2022,Indian,1
Sanju Samson,Wicket Keeper,4.2,Delhi Daredevils,2016,Indian,0
Sanju Samson,Wicket Keeper,8,Rajasthan Royals,2018,Indian,1
Sarabjit Ladda,Bowler,0.1,Gujarat Lions,2016,Indian,0
Sarfaraz Khan,All-Rounder,0.2,Delhi Capitals,2022,Indian,1
Sarfaraz Naushad Khan,Batsman,0.5,Royal Challengers Bangalore,2015,Indian,0
Sarfaraz Naushad Khan,All-Rounder,0.25,Kings XI Punjab,2019,Indian,0
Saurabh Dubey,Bowler,0.2,Sunrisers Hyderabad,2022,Indian,1
Saurabh Kumar,Bowler,0.1,Rising Pune Supergiant,2017,Indian,0
Saurabh Kumar,All-Rounder,0.2,Punjab Kings,2021,Indian,0
Saurabh Tiwary,Batsman,0.7,Delhi Daredevils,2014,Indian,1
Saurabh Tiwary,Batsman,0.3,Mumbai Indians,2017,Indian,0
Saurabh Tiwary,Batsman,0.8,Mumbai Indians,2018,Indian,1
Saurabh Tiwary,Batsman,0.5,Mumbai Indians,2020,Indian,0
Sayan Ghosh,Bowler,0.1,Kolkata Knight Riders,2017,Indian,0
Sayan Ghosh,Bowler,0.2,Delhi Daredevils,2018,Indian,1
Sayan Sekhar Mandal,All-Rounder,0.1,Kolkata Knight Riders,2014,Indian,1
Scott Boland,Bowler,0.5,Rising Pune Supergiant,2016,Overseas,0
Sean Abbott,Bowler,1,Royal Challengers Bangalore,2015,Overseas,0
Sean Abbott,Bowler,2.4,Sunrisers Hyderabad,2022,Overseas,1
Shadab Jakati,Bowler,0.2,Royal Challengers Bangalore,2014,Indian,1
Shadab Jakati,All-Rounder,0.2,Gujarat Lions,2016,Indian,0
Shahbaz Ahamad,Wicket Keeper,0.2,Royal Challengers Bangalore,2020,Indian,0
Shahbaz Ahamad,All-Rounder,2.4,Royal Challengers Bangalore,2022,Indian,1
Shahbaz Nadeem,Bowler,0.85,Delhi Daredevils,2014,Indian,1
Shahbaz Nadeem,Bowler,3.2,Delhi Daredevils,2018,Indian,1
Shahbaz Nadeem,Bowler,0.5,Lucknow Super Giants,2022,Indian,1
Shahrukh Khan,All-Rounder,5.25,Punjab Kings,2021,Indian,0
Shahrukh Khan,All-Rounder,9,Punjab Kings,2022,Indian,1
Shakib Al Hasan,All-Rounder,2.8,Kolkata Knight Riders,2014,Overseas,1
Shakib Al Hasan,All-Rounder,2,Sunrisers Hyderabad,2018,Overseas,1
Shakib Al Hasan,All-Rounder,3.2,Kolkata Knight Riders,2021,Overseas,0
Shane Watson,All-Rounder,9.5,Royal Challengers Bangalore,2016,Overseas,0
Shane Watson,All-Rounder,4,Chennai Super Kings,2018,Overseas,1
Sharad Lumba,Batsman,0.2,Mumbai Indians,2018,Indian,1
Shardul Thakur,Bowler,0.2,Kings XI Punjab,2014,Indian,1
Shardul Thakur,Bowler,2.6,Chennai Super Kings,2018,Indian,1
Shardul Thakur,Bowler,10.75,Delhi Capitals,2022,Indian,1
Shashank Singh,All-Rounder,0.1,Delhi Daredevils,2017,Indian,0
Shashank Singh,All-Rounder,0.3,Rajasthan Royals,2019,Indian,0
Shashank Singh,All-Rounder,0.2,Sunrisers Hyderabad,2022,Indian,1
Shaun Marsh,Batsman,2.2,Kings XI Punjab,2014,Overseas,1
Sheldon Cottrell,Bowler,8.5,Kings XI Punjab,2020,Overseas,0
Sheldon Jackson,Batsman,0.15,Kolkata Knight Riders,2015,Indian,0
Sheldon Jackson,Wicket Keeper,0.2,Kolkata Knight Riders,2021,Indian,0
Sheldon Jackson,Wicket Keeper,0.6,Kolkata Knight Riders,2022,Indian,1
Shelley Shaurya,Bowler,0.1,Gujarat Lions,2017,Indian,0
Sherfane Rutherford,All-Rounder,2,Delhi Capitals,2019,Overseas,0
Sherfane Rutherford,All-Rounder,1,Royal Challengers Bangalore,2022,Overseas,1
Shikhar Dhawan,Batsman,5.2,Sunrisers Hyderabad,2018,Indian,1
Shikhar Dhawan,Batsman,8.25,Punjab Kings,2022,Indian,1
Shimron Hetmyer,Batsman,4.2,Royal Challengers Bangalore,2019,Overseas,0
Shimron Hetmyer,Batsman,7.75,Delhi Capitals,2020,Overseas,0
Shimron Hetmyer,Batsman,8.5,Rajasthan Royals,2022,Overseas,1
Shishir Bhavane,Batsman,0.1,Royal Challengers Bangalore,2015,Indian,0
Shivam Dube,All-Rounder,5,Royal Challengers Bangalore,2019,Indian,0
Shivam Dube,All-Rounder,4.4,Rajasthan Royals,2021,Indian,0
Shivam Dube,All-Rounder,4,Chennai Super Kings,2022,Indian,1
Shivam Mavi,All-Rounder,3,Kolkata Knight Riders,2018,Indian,1
Shivam Mavi,All-Rounder,7.25,Kolkata Knight Riders,2022,Indian,1
Shivam Sharma,Bowler,0.1,Kings XI Punjab,2014,Indian,1
Shivil Kaushik,Bowler,0.1,Gujarat Lions,2016,Indian,0
Shreevats Goswami,Wicket Keeper,1,Sunrisers Hyderabad,2018,Indian,1
Shreyas Gopal,Bowler,0.1,Mumbai Indians,2014,Indian,1
Shreyas Gopal,All-Rounder,0.2,Rajasthan Royals,2018,Indian,1
Shreyas Gopal,Bowler,0.75,Sunrisers Hyderabad,2022,Indian,1
Shreyas Iyer,Batsman,2.6,Delhi Daredevils,2015,Indian,0
Shreyas Iyer,Batsman,12.25,Kolkata Knight Riders,2022,Indian,1
Shrikant Mundhe,All-Rounder,0.2,Kolkata Knight Riders,2019,Indian,0
Shubam Agrawal,All-Rounder,0.1,Gujarat Lions,2017,Indian,0
Shubham Garhwal,All-Rounder,0.2,Rajasthan Royals,2022,Indian,1
Shubham Ranjane,All-Rounder,0.2,Rajasthan Royals,2019,Indian,0
Shubman Gill,Batsman,1.8,Kolkata Knight Riders,2018,Indian,1
Siddarth Kaul,Bowler,0.45,Delhi Daredevils,2014,Indian,1
Siddarth Kaul,Bowler,0.1,Sunrisers Hyderabad,2015,Indian,0
Siddarth Kaul,Bowler,3.8,Sunrisers Hyderabad,2018,Indian,1
Siddharth Kaul,Bowler,0.75,Royal Challengers Bangalore,2022,Indian,1
Siddhesh Dinesh Lad,All-Rounder,0.1,Mumbai Indians,2015,Indian,0
Siddhesh Dinesh Lad,Batsman,0.2,Mumbai Indians,2018,Indian,1
Simarjeet Singh,Bowler,0.2,Chennai Super Kings,2022,Indian,1
Srikkanth Anirudha,Batsman,0.2,Sunrisers Hyderabad,2014,Indian,1
Steven Smith,All-Rounder,4,Rajasthan Royals,2014,Overseas,1
Steven Smith,Batsman,2.2,Delhi Capitals,2021,Overseas,0
Stuart Binny,All-Rounder,2,Royal Challengers Bangalore,2016,Indian,0
Stuart Binny,All-Rounder,0.5,Rajasthan Royals,2018,Indian,1
Subhranshu Senapati,Batsman,0.2,Chennai Super Kings,2022,Indian,1
Subramaniam Badrinath,Batsman,0.3,Royal Challengers Bangalore,2015,Indian,0
Sudeep Tyagi,Bowler,0.75,Sunrisers Hyderabad,2013,Indian,0
Sumit Narwal,All-Rounder,0.1,Kolkata Knight Riders,2015,Indian,0
Suryakumar Yadav,Batsman,0.7,Kolkata Knight Riders,2014,Indian,1
Suryakumar Yadav,Batsman,3.2,Mumbai Indians,2018,Indian,1
Sushant Marathe,Wicket Keeper,0.1,Mumbai Indians,2014,Indian,1
Suyash Prabhudesai,All-Rounder,0.2,Royal Challengers Bangalore,2021,Indian,0
Suyash Prabhudessai,All-Rounder,0.3,Royal Challengers Bangalore,2022,Indian,1
Swapnil Singh,All-Rounder,0.1,Kings XI Punjab,2016,Indian,0
Syed Khaleel Ahmed,All-Rounder,0.1,Delhi Daredevils,2016,Indian,0
Syed Khaleel Ahmed,Bowler,3,Sunrisers Hyderabad,2018,Indian,1
Syed Khaleel Ahmed,Bowler,5.25,Delhi Capitals,2022,Indian,1
Syed Mehdi Hasan,All-Rounder,0.2,Sunrisers Hyderabad,2018,Indian,1
T Natarajan,Bowler,3,Kings XI Punjab,2017,Indian,0
T Natarajan,Bowler,0.4,Sunrisers Hyderabad,2018,Indian,1
T. Natarajan,Bowler,4,Sunrisers Hyderabad,2022,Indian,1
Tajinder Dhillon,All-Rounder,0.55,Mumbai Indians,2018,Indian,1
Tajinder Dhillon,All-Rounder,0.2,Kings XI Punjab,2020,Indian,0
Tanmay Agarwal,Batsman,0.1,Sunrisers Hyderabad,2017,Indian,0
Tanmay Agarwal,Batsman,0.2,Sunrisers Hyderabad,2018,Indian,1
Tanmay Mishra,Batsman,0.1,Royal Challengers Bangalore,2014,Indian,1
Tejas Baroka,Bowler,0.2,Rajasthan Royals,2022,Indian,1
Tejas Singh Baroka,Bowler,0.1,Gujarat Lions,2017,Indian,0
Thisara Perera,All-Rounder,5.0625,Sunrisers Hyderabad,2013,Overseas,0
Thisara Perera,All-Rounder,1.6,Kings XI Punjab,2014,Overseas,1
Thisara Perera,All-Rounder,1,Rising Pune Supergiant,2016,Overseas,0
Tim David,All-Rounder,8.25,Mumbai Indians,2022,Overseas,1
Tim Seifert,Wicket Keeper,0.5,Delhi Capitals,2022,Overseas,1
Tim Southee,Bowler,1.2,Rajasthan Royals,2014,Overseas,1
Tim Southee,Bowler,2.5,Mumbai Indians,2016,Overseas,0
Tim Southee,Bowler,1,Royal Challengers Bangalore,2018,Overseas,1
Tim Southee,Bowler,1.5,Kolkata Knight Riders,2022,Overseas,1
Tirumalasetti Suman,Batsman,0.1,Sunrisers Hyderabad,2016,Indian,0
Tom Banton,Batsman,1,Kolkata Knight Riders,2020,Overseas,0
Tom Curran,All-Rounder,1,Rajasthan Royals,2020,Overseas,0
Tom Curran,All-Rounder,5.25,Delhi Capitals,2021,Overseas,0
Travis Head,Batsman,0.3,Delhi Daredevils,2015,Overseas,0
Travis Head,Batsman,0.5,Royal Challengers Bangalore,2016,Overseas,0
Trent Boult,Bowler,3.8,Sunrisers Hyderabad,2015,Overseas,0
Trent Boult,Bowler,5,Kolkata Knight Riders,2017,Overseas,0
Trent Boult,Bowler,2.2,Delhi Daredevils,2018,Overseas,1
Trent Boult,Bowler,8,Rajasthan Royals,2022,Overseas,1
Tushar Deshpande,Bowler,0.2,Delhi Capitals,2020,Indian,0
Tushar Deshpande,Bowler,0.2,Chennai Super Kings,2022,Indian,1
Tymal Mills,Bowler,12,Royal Challengers Bangalore,2017,Overseas,0
Tymal Mills,Bowler,1.5,Mumbai Indians,2022,Overseas,1
Umang Sharma,Batsman,0.1,Gujarat Lions,2016,Indian,0
Umesh Yadav,Bowler,2.6,Kolkata Knight Riders,2014,Indian,1
Umesh Yadav,Bowler,4.2,Royal Challengers Bangalore,2018,Indian,1
Umesh Yadav,Bowler,1,Delhi Capitals,2021,Indian,0
Umesh Yadav,Bowler,2,Kolkata Knight Riders,2022,Indian,1
Unmukt Chand,Batsman,0.65,Rajasthan Royals,2014,Indian,1
Utkarsh Singh,All-Rounder,0.2,Punjab Kings,2021,Indian,0
Vaibhav Arora,Bowler,0.2,Kolkata Knight Riders,2021,Indian,0
Vaibhav Arora,Bowler,2,Punjab Kings,2022,Indian,1
Vaibhav Rawal,All-Rounder,0.1,Kolkata Knight Riders,2015,Indian,0
Varun Aaron,Bowler,2,Royal Challengers Bangalore,2014,Indian,1
Varun Aaron,Bowler,2.8,Kings XI Punjab,2017,Indian,0
Varun Aaron,Bowler,2.4,Rajasthan Royals,2019,Indian,0
Varun Aaron,Bowler,0.5,Gujarat Titans,2022,Indian,1
Varun Chakaravarthy,All-Rounder,8.4,Kings XI Punjab,2019,Indian,0
Varun Chakaravarthy,All-Rounder,4,Kolkata Knight Riders,2020,Indian,0
Veer Pratap Singh,Bowler,0.4,Kolkata Knight Riders,2014,Indian,1
Venkatesh Iyer,All-Rounder,0.2,Kolkata Knight Riders,2021,Indian,0
Venugopal Rao,Batsman,0.55,Sunrisers Hyderabad,2014,Indian,1
Vicky Ostwal,All-Rounder,0.2,Delhi Capitals,2022,Indian,1
Vijay Shankar,All-Rounder,0.1,Chennai Super Kings,2014,Indian,1
Vijay Shankar,All-Rounder,0.35,Sunrisers Hyderabad,2016,Indian,0
Vijay Shankar,All-Rounder,3.2,Delhi Daredevils,2018,Indian,1
Vijay Shankar,All-Rounder,1.4,Gujarat Titans,2022,Indian,1
Vijay Zol,Batsman,0.3,Royal Challengers Bangalore,2014,Indian,1
Vikas Tokas,Bowler,0.1,Royal Challengers Bangalore,2016,Indian,0
Vikramjeet Malik,Bowler,0.2,Rajasthan Royals,2014,Indian,1
Vikramjeet Malik,Bowler,0.2,Royal Challengers Bangalore,2016,Indian,0
Virat Singh,Batsman,1.9,Sunrisers Hyderabad,2020,Indian,0
Virender Sehwag,Batsman,3.2,Kings XI Punjab,2014,Indian,1
Vishnu Vinod,Wicket Keeper,0.2,Delhi Capitals,2021,Indian,0
Vishnu Vinod,Wicket Keeper,0.5,Sunrisers Hyderabad,2022,Indian,1
Wanindu Hasaranga,All-Rounder,10.75,Royal Challengers Bangalore,2022,Overseas,1
Washington Sundar,All-Rounder,8.75,Sunrisers Hyderabad,2022,Indian,1
Wayne Parnell,Bowler,1,Delhi Daredevils,2014,Overseas,1
Wriddhiman Saha,Wicket Keeper,2.2,Kings XI Punjab,2014,Indian,1
Wriddhiman Saha,Wicket Keeper,5,Sunrisers Hyderabad,2018,Indian,1
Wriddhiman Saha,Wicket Keeper,1.2,Sunrisers Hyderabad,2019,Indian,0
Wriddhiman Saha,Wicket Keeper,1.9,Gujarat Titans,2022,Indian,1
Writtick Chatterjee,All-Rounder,0.2,Punjab Kings,2022,Indian,1
Yash Dayal,Bowler,3.2,Gujarat Titans,2022,Indian,1
Yash Dhull,All-Rounder,0.5,Delhi Capitals,2022,Indian,1
Yashasvi Jaiswal,All-Rounder,2.4,Rajasthan Royals,2020,Indian,0
Yogesh Gowalkar,All-Rounder,0.1,Kings XI Punjab,2015,Indian,0
Yogesh Takawale,Wicket Keeper,0.1,Royal Challengers Bangalore,2014,Indian,1
Yudhvir Charak,All-Rounder,0.2,Mumbai Indians,2021,Indian,0
Yusuf Pathan,All-Rounder,3.25,Kolkata Knight Riders,2014,Indian,1
Yusuf Pathan,All-Rounder,1.9,Sunrisers Hyderabad,2018,Indian,1
Yuvraj Singh,All-Rounder,14,Royal Challengers Bangalore,2014,Indian,1
Yuvraj Singh,Batsman,16,Delhi Daredevils,2015,Indian,0
Yuvraj Singh,All-Rounder,7,Sunrisers Hyderabad,2016,Indian,0
Yuvraj Singh,All-Rounder,2,Kings XI Punjab,2018,Indian,1
Yuvraj Singh,All-Rounder,1,Mumbai Indians,2019,Indian,0
Yuzvendra Singh Chahal,Bowler,6.5,Rajasthan Royals,2022,Indian,1
Yuzvendra Singh Chahal,Bowler,0.1,Royal Challengers Bangalore,2014,Indian,1
Yuzvendra Singh Chahal,Bowler,6,Royal Challengers Bangalore,2018,Indian,1
Zaheer Khan,Bowler,2.6,Mumbai Indians,2014,Indian,1
Zaheer Khan,Bowler,4,Delhi Daredevils,2015,Indian,0
Zahir Khan Pakteen,Bowler,0.6,Rajasthan Royals,2018,Indian,1